,date,actual_return,pred_return,actual_sig,pred_sig
0,1/2/2018,0.5261334039,0.4112390798607618,up,up
1,1/3/2018,0.7954482273,0.35998014040274084,up,down
2,1/4/2018,0.859041448,0.23665354813706047,up,down
3,1/8/2018,0.3091877623,0.09791919616485889,up,down
4,1/9/2018,-0.2035512422,0.0986476999157233,down,down
5,1/10/2018,0.2702555044,-0.051356740787810856,up,up
6,1/11/2018,0.6251430273,0.40649464950156494,up,up
7,1/12/2018,1.0389216585,0.40649464950156494,up,down
8,1/16/2018,-0.4991139566,-0.12730297934869167,down,down
9,1/17/2018,0.6251368946,0.5386833075817798,up,up
10,1/18/2018,0.0071367399,-0.04912456994894517,up,down
11,1/19/2018,0.2340683651,0.2548107331637083,up,up
12,1/22/2018,0.9216278176,0.4112390798607618,up,up
13,1/23/2018,0.3657783813,0.10975180966342665,up,down
14,1/24/2018,0.0288182412,-0.00010852067488051207,up,down
15,1/25/2018,0.0435662488,0.05400739826040542,up,up
16,1/26/2018,0.6935957408,0.741912174222044,up,up
17,1/29/2018,-1.2029031504,-0.3217326475733876,down,down
18,1/30/2018,-0.0116494984,-0.6167949661260536,down,up
19,1/31/2018,-0.5634777451,0.04825975684863092,down,up
20,2/1/2018,-0.2673578441,-0.0074195500309301,down,up
21,2/2/2018,-2.4158751406,-1.2358118674325873,down,down
22,2/5/2018,-4.606976863,-2.627938194722577,down,down
23,2/6/2018,2.9130557829,1.1354888049606506,up,up
24,2/7/2018,-0.2207398874,-0.24529885780628302,down,down
25,2/8/2018,-3.0998022354,-2.3349319799139003,down,down
26,2/9/2018,1.3440798223,0.930244852159031,up,up
27,2/12/2018,0.3610505357,0.7939935329338692,up,down
28,2/13/2018,0.1866778522,0.15153521050051227,up,down
29,2/14/2018,2.3479845052,0.7521134497354846,up,up
30,2/15/2018,0.5041533688,0.7491180325820853,up,down
31,2/16/2018,-0.1521740725,0.04825975684863092,down,down
32,2/20/2018,-0.0903418668,-0.2784944500613327,down,down
33,2/21/2018,-0.3716187655,-0.255948959712106,down,down
34,2/22/2018,0.1984932225,0.0694322193399086,up,up
35,2/23/2018,1.5306723617,0.9772052001844326,up,up
36,2/26/2018,0.8370294882,0.741912174222044,up,down
37,2/27/2018,-0.9591972522,-0.8034420819842646,down,down
38,2/28/2018,-1.4002571011,-0.6183505460102298,down,up
39,3/1/2018,-2.0746016897,-0.7956968447168182,down,up
40,3/2/2018,0.8338065885,0.29458178807036545,up,up
41,3/5/2018,1.8321111799,0.6568386861610118,up,down
42,3/6/2018,-0.7325524324,0.15264221293161617,down,down
43,3/7/2018,0.8327860142,-0.00010852067488051207,up,up
44,3/8/2018,0.7377184155,0.2564318163259485,up,down
45,3/9/2018,1.3669171894,1.1354888049606506,up,up
46,3/12/2018,0.0634285837,-0.05062823703694645,up,down
47,3/13/2018,-0.6535807271,-0.31823878123587584,down,down
48,3/14/2018,-0.7133948076,-0.2714991690498282,down,up
49,3/15/2018,-0.134336866,-0.023496389177581053,down,up
50,3/16/2018,-0.3341125658,0.09791919616485889,down,up
51,3/19/2018,-0.9604651672,-0.8441632416557665,down,down
52,3/20/2018,-0.0022099041,0.0986476999157233,down,up
53,3/21/2018,-0.8703531136,-0.05368376732154262,down,down
54,3/22/2018,-1.6590125438,-1.5416317785074025,down,down
55,3/23/2018,-1.0337362235,-1.1808084845883755,down,up
56,3/26/2018,1.8409147308,1.6192276469770295,up,up
57,3/27/2018,-2.1094104372,-1.0163774525209388,down,down
58,3/28/2018,0.1190977674,-0.08661196516787147,up,up
59,3/29/2018,0.7282713882,0.8336089723387498,up,up
60,4/2/2018,-1.5675254894,-1.3825100960055858,down,down
61,4/3/2018,-0.3136368371,0.7491180325820853,down,up
62,4/4/2018,2.8374173774,0.741912174222044,up,up
63,4/5/2018,-0.4342655869,0.40649464950156494,down,down
64,4/6/2018,-1.0824621478,-1.3825100960055858,down,down
65,4/9/2018,0.811178444,0.20275363814011432,up,up
66,4/10/2018,0.2077008501,0.9772052001844326,up,up
67,4/11/2018,0.3759611784,-0.255948959712106,up,down
68,4/12/2018,0.8693096393,0.4112390798607618,up,up
69,4/13/2018,-0.2540251784,-0.08661196516787147,down,down
70,4/16/2018,0.847908318,0.4112390798607618,up,up
71,4/17/2018,0.6450678491,0.6277442148227099,up,down
72,4/18/2018,-0.3302448978,0.0687037155890442,down,down
73,4/19/2018,-0.3183817323,-0.2784944500613327,down,up
74,4/20/2018,-0.6373117034,-0.4339912769547429,down,down
75,4/23/2018,0.2018389773,0.038853570921137,up,up
76,4/24/2018,-1.7114294241,-0.8034420819842646,down,down
77,4/25/2018,0.6349338879,0.0986476999157233,up,up
78,4/26/2018,0.8983086003,0.5513610339709304,up,down
79,4/27/2018,-0.0156981764,0.0687037155890442,down,down
80,4/30/2018,-1.1741836601,-0.4226506177368942,down,down
81,5/1/2018,0.4009623095,0.1492350361365331,up,up
82,5/2/2018,-0.9855928627,-0.3323033196104641,down,down
83,5/3/2018,-0.2522754254,-0.05368376732154262,down,up
84,5/4/2018,1.8276144882,0.7491180325820853,up,up
85,5/7/2018,0.0337159469,0.20275363814011432,up,down
86,5/8/2018,0.2943533588,-0.00010852067488051207,up,down
87,5/9/2018,1.0044359476,0.5386833075817798,up,up
88,5/10/2018,0.6535996037,0.5386833075817798,up,down
89,5/11/2018,0.3918904029,0.0986476999157233,up,down
90,5/14/2018,-0.5407244537,0.0694322193399086,down,down
91,5/15/2018,-0.2195991304,-0.3174399630145411,down,up
92,5/16/2018,0.2613709255,0.23954517385605273,up,up
93,5/17/2018,-0.0867739575,-0.051356740787810856,down,down
94,5/18/2018,0.3164848106,-0.08661196516787147,up,up
95,5/21/2018,0.4545204424,0.4112390798607618,up,up
96,5/22/2018,-0.8895900436,-0.1089294339681868,down,down
97,5/23/2018,0.6249124901,0.20275363814011432,up,up
98,5/24/2018,-0.2687719247,-0.05368376732154262,down,down
99,5/25/2018,-0.6788808929,-0.08446000637027505,down,up
100,5/29/2018,-0.0990717568,-0.6559929683621847,down,up
101,5/30/2018,0.6864192597,0.7491180325820853,up,up
102,5/31/2018,-0.0837933392,-0.32458562184502415,down,down
103,6/1/2018,0.8448891014,0.6277442148227099,up,up
104,6/4/2018,0.2476592734,0.2564318163259485,up,down
105,6/5/2018,0.1742794147,0.05473590201126982,up,down
106,6/6/2018,0.7841641696,0.4456829610322233,up,up
107,6/7/2018,-0.3243430252,-0.024224892928445457,down,down
108,6/8/2018,0.5184681688,0.20275363814011432,up,up
109,6/11/2018,0.194951406,0.0694322193399086,up,down
110,6/12/2018,0.0840034463,0.09791919616485889,up,down
111,6/13/2018,-0.1696593183,-0.21609512878059856,down,down
112,6/14/2018,-0.1950984654,0.1492350361365331,down,up
113,6/15/2018,-0.4316396547,-0.05062823703694645,down,up
114,6/18/2018,-0.4982301621,-0.05368376732154262,down,up
115,6/19/2018,0.6438930091,-0.21609512878059856,up,up
116,6/20/2018,-0.016247071,0.0986476999157233,down,down
117,6/21/2018,-0.3065778831,-0.3174399630145411,down,down
118,6/22/2018,-0.646554066,0.09791919616485889,down,up
119,6/25/2018,-0.7590395707,-0.8441632416557665,down,down
120,6/26/2018,0.2325393443,0.10902330591256225,up,up
121,6/27/2018,-1.0907291686,-0.4339912769547429,down,down
122,6/28/2018,1.0538446431,0.3645601811118011,up,up
123,6/29/2018,-0.8133092298,0.05473590201126982,down,down
124,7/2/2018,1.0469694449,0.20275363814011432,up,up
125,7/3/2018,-0.3322028193,-0.2383035767947785,down,down
126,7/5/2018,0.4951930666,0.4645190775996209,up,up
127,7/6/2018,1.1593758219,0.4112390798607618,up,down
128,7/9/2018,0.6911194402,0.5386833075817798,up,down
129,7/10/2018,-0.3134234157,0.20275363814011432,down,down
130,7/11/2018,0.1194321935,-0.3317352481564331,up,down
131,7/12/2018,0.4954835186,0.5028015090010661,up,up
132,7/13/2018,0.1608906909,0.0687037155890442,up,down
133,7/16/2018,-0.4315653077,-0.051356740787810856,down,down
134,7/17/2018,0.7890755519,0.2369790786432163,up,up
135,7/18/2018,-0.0704287976,0.10975180966342665,down,down
136,7/19/2018,-0.1715687147,-0.21609512878059856,down,down
137,7/20/2018,-0.1918311316,-0.05062823703694645,down,up
138,7/23/2018,0.7684420739,0.09791919616485889,up,up
139,7/24/2018,-0.1045847101,0.29458178807036545,down,down
140,7/25/2018,0.6302945988,0.5386833075817798,up,up
141,7/26/2018,0.241933493,-0.08661196516787147,up,down
142,7/27/2018,-0.8215033335,-0.3174399630145411,down,down
143,7/30/2018,-0.3288400142,-0.2714991690498282,down,up
144,7/31/2018,0.4071565595,0.29458178807036545,up,up
145,8/1/2018,-0.7333836671,-0.05062823703694645,down,down
146,8/2/2018,1.0405359081,0.29747341378935765,up,up
147,8/3/2018,0.3770824351,0.26572105777442573,up,down
148,8/6/2018,0.5502959205,0.21406492521501025,up,down
149,8/7/2018,0.0304630382,0.17305170396357364,up,down
150,8/8/2018,0.0140017292,-0.0008370244257449165,up,down
151,8/9/2018,-0.614239865,-0.04912456994894517,down,down
152,8/10/2018,-0.147201758,-0.3331021378317989,down,up
153,8/13/2018,-0.2673287579,-0.21609512878059856,down,down
154,8/14/2018,0.0024753526,0.36287176612173305,up,up
155,8/15/2018,0.1234109514,-0.34470023535232996,up,down
156,8/16/2018,0.2429859012,0.4112390798607618,up,up
157,8/17/2018,0.5499732236,0.20275363814011432,up,down
158,8/20/2018,0.2655986657,0.1492350361365331,up,down
159,8/21/2018,-0.0181722238,0.10902330591256225,down,down
160,8/22/2018,-0.0244670551,-0.00010852067488051207,down,up
161,8/23/2018,0.0720206692,-0.04912456994894517,up,down
162,8/24/2018,0.7804775796,0.3645601811118011,up,up
163,8/27/2018,0.5809983048,0.4112390798607618,up,down
164,8/28/2018,-0.0286063865,0.04825975684863092,down,down
165,8/29/2018,0.2868352283,0.30406085963212726,up,up
166,8/30/2018,-0.3633625994,-0.21860237380381625,down,down
167,8/31/2018,-0.0486480332,0.04753125309776652,down,up
168,9/4/2018,-0.1853667293,-0.04912456994894517,down,down
169,9/5/2018,-0.1020199959,-0.08661196516787147,down,up
170,9/6/2018,-0.7055223219,-0.12488087164782248,down,down
171,9/7/2018,0.4577688215,-0.05368376732154262,up,up
172,9/10/2018,-0.3408077352,0.0986476999157233,down,down
173,9/11/2018,0.5822598787,0.22269330026346465,up,up
174,9/12/2018,0.2963691319,0.04753125309776652,up,down
175,9/13/2018,0.3289780279,0.29747341378935765,up,up
176,9/14/2018,-0.0877380109,0.04753125309776652,down,down
177,9/17/2018,-0.4507839646,-0.2714991690498282,down,down
178,9/18/2018,0.548648443,0.29747341378935765,up,up
179,9/19/2018,0.4517305443,0.0986476999157233,up,down
180,9/20/2018,0.5832731109,0.4112390798607618,up,down
181,9/21/2018,-0.5083833885,-0.0008370244257449165,down,down
182,9/24/2018,-0.0027380101,-0.12730297934869167,down,up
183,9/25/2018,-0.1632583212,-0.051356740787810856,down,down
184,9/26/2018,-0.1827232274,-0.1089294339681868,down,up
185,9/27/2018,-0.0556385555,0.17305170396357364,down,up
186,9/28/2018,0.5587571262,0.0395820746720014,up,up
187,10/1/2018,-0.085090678,0.21662979263918877,down,down
188,10/2/2018,0.2698542992,-0.00010852067488051207,up,up
189,10/3/2018,-0.4209176277,0.05473590201126982,down,down
190,10/4/2018,-0.5758131091,-0.3631563949701068,down,up
191,10/5/2018,-0.8616590986,-0.26294424072361056,down,up
192,10/8/2018,0.173065094,-0.00010852067488051207,up,up
193,10/9/2018,-0.2986980097,-0.04912456994894517,down,down
194,10/10/2018,-3.3762483037,-2.0657333944998215,down,down
195,10/11/2018,-0.2279544955,-1.1735661536102162,down,up
196,10/12/2018,-0.242191053,0.8824426814588954,down,up
197,10/15/2018,0.1165049949,-0.2784944500613327,up,down
198,10/16/2018,1.6125476591,1.2455444112540346,up,up
199,10/17/2018,-0.3439237179,-0.00010852067488051207,down,down
200,10/18/2018,-0.9400428266,-0.8441632416557665,down,down
201,10/19/2018,-0.0619672438,0.13722952745879607,down,up
202,10/22/2018,-1.9073952573,-0.22559765481532076,down,down
203,10/23/2018,0.6188832905,-0.255948959712106,up,up
204,10/24/2018,-2.3006936049,-1.9133427118689597,down,down
205,10/25/2018,-0.2624416796,1.1956260786630437,down,up
206,10/26/2018,0.5543769163,-1.0163774525209388,up,down
207,10/29/2018,-1.5644977914,-0.2878236765883165,down,down
208,10/30/2018,2.45845767,0.9772052001844326,up,up
209,10/31/2018,0.4427853341,0.6277442148227099,up,down
210,11/1/2018,1.0255447862,0.6277442148227099,up,up
211,11/2/2018,-0.694968038,-0.31823878123587584,down,down
212,11/5/2018,0.4412460524,0.30116923391313505,up,up
213,11/6/2018,1.3047765118,0.3616685553928089,up,down
214,11/7/2018,1.16252663,1.2414010983483943,up,down
215,11/8/2018,-0.4375743841,-0.08661196516787147,down,down
216,11/9/2018,-0.7218782434,-0.48054482677706967,down,down
217,11/12/2018,-1.581871208,-1.1747973724953433,down,down
218,11/13/2018,0.2875405212,-0.04912456994894517,up,up
219,11/14/2018,-1.6209503634,-0.3495962919515322,down,down
220,11/15/2018,0.9288960171,0.6277442148227099,up,up
221,11/16/2018,0.4487702958,0.10975180966342665,up,down
222,11/19/2018,-2.7882551982,-0.9685466367140012,down,down
223,11/20/2018,0.1182852407,-1.0163774525209388,up,up
224,11/21/2018,-0.9173207311,0.20275363814011432,down,up
225,11/23/2018,0.6307531063,-0.3174399630145411,up,up
226,11/26/2018,0.5200058869,0.9772052001844326,up,up
227,11/27/2018,1.1630220554,0.20275363814011432,up,down
228,11/28/2018,1.5404140675,1.2902863052695182,up,up
229,11/29/2018,0.0157149958,-0.05368376732154262,up,down
230,11/30/2018,1.966989078,0.4112390798607618,up,up
231,12/3/2018,-0.2891954847,0.6568386861610118,down,down
232,12/4/2018,-4.2739619685,-2.0217246271981155,down,down
233,12/6/2018,1.0418582998,-0.04912456994894517,up,up
234,12/7/2018,-2.2443019255,-1.3825100960055858,down,down
235,12/10/2018,1.2763887094,0.09791919616485889,up,up
236,12/11/2018,-0.2330696131,-0.00010852067488051207,down,down
237,12/12/2018,0.0176809381,0.29747341378935765,up,up
238,12/13/2018,-1.0915108888,-0.0008370244257449165,down,down
239,12/14/2018,-1.4804082626,-1.0992469755901328,down,down
240,12/17/2018,-1.1907748721,-1.1808084845883755,down,up
241,12/18/2018,-2.4661119575,0.04753125309776652,down,up
242,12/20/2018,-1.2572243338,-0.8865932212842633,down,up
243,12/21/2018,-2.6292092903,-1.1808084845883755,down,up
244,12/24/2018,-1.5596360849,-1.621780897757955,down,up
245,12/26/2018,3.3591184536,3.4362056500062166,up,up
246,12/27/2018,2.3037871034,0.4456829610322233,up,down
247,12/28/2018,0.0068033472,-0.051356740787810856,up,down
248,12/31/2018,-0.8795729389,0.4456829610322233,down,up
249,1/2/2019,0.6039661521,0.0986476999157233,up,up
250,1/3/2019,-0.7058814087,-1.493497862038876,down,down
251,1/4/2019,2.4766300372,2.1669789168099114,up,up
252,1/7/2019,1.2817428548,0.40938627522055715,up,down
253,1/8/2019,0.4629863986,0.5386833075817798,up,down
254,1/9/2019,-0.2515503876,0.23665354813706047,down,down
255,1/10/2019,0.5673185649,0.2564318163259485,up,up
256,1/11/2019,-0.3013782258,-0.0008370244257449165,down,down
257,1/14/2019,0.1856366096,-0.26294424072361056,up,up
258,1/15/2019,1.1469575645,0.6277442148227099,up,up
259,1/16/2019,-0.2091978201,0.10902330591256225,down,down
260,1/17/2019,1.6092561933,0.4112390798607618,up,up
261,1/18/2019,0.2493144795,0.7491180325820853,up,down
262,1/22/2019,-0.5417851822,-0.8441632416557665,down,down
263,1/23/2019,-0.1755262003,0.10975180966342665,down,up
264,1/24/2019,0.7048551636,0.09791919616485889,up,up
265,1/25/2019,-0.4692486002,0.4456829610322233,down,down
266,1/28/2019,-0.003024609,-0.34859287541855594,down,up
267,1/29/2019,0.3300704377,-0.049853073699809576,up,down
268,1/30/2019,1.2010008969,0.9772052001844326,up,up
269,1/31/2019,0.6267012724,0.4456829610322233,up,down
270,2/1/2019,0.1543118506,0.0687037155890442,up,down
271,2/4/2019,0.8073187043,0.40938627522055715,up,up
272,2/5/2019,0.24593709,0.26572105777442573,up,down
273,2/6/2019,-0.6405732985,-0.05368376732154262,down,down
274,2/7/2019,-0.9262087263,-0.4857896139554124,down,up
275,2/8/2019,0.7443283959,0.05473590201126982,up,up
276,2/11/2019,0.3764194072,0.05400739826040542,up,down
277,2/12/2019,1.0170387973,0.7491180325820853,up,up
278,2/13/2019,-0.247245755,0.20275363814011432,down,down
279,2/14/2019,0.6101694915,-0.08661196516787147,up,up
280,2/15/2019,0.3275077529,0.6568386861610118,up,up
281,2/19/2019,0.3527992836,0.0986476999157233,up,down
282,2/20/2019,0.0428203883,0.0986476999157233,up,down
283,2/21/2019,0.0154662907,-0.12488087164782248,up,down
284,2/22/2019,0.851593321,0.35998014040274084,up,up
285,2/25/2019,-0.4275500562,0.09791919616485889,down,down
286,2/26/2019,-0.1740463264,-0.023496389177581053,down,up
287,2/27/2019,-0.0010762332,-0.00010852067488051207,down,up
288,2/28/2019,0.3856543748,-0.08661196516787147,up,down
289,3/1/2019,0.5771526185,0.40938627522055715,up,up
290,3/4/2019,-0.7092173382,-0.17624177201667168,down,down
291,3/5/2019,-0.1481529196,-0.051356740787810856,down,up
292,3/6/2019,-0.8508137205,-0.3174399630145411,down,down
293,3/7/2019,-1.2918710442,-0.3719450916355351,down,up
294,3/8/2019,0.6159389774,-0.05368376732154262,up,up
295,3/11/2019,1.4459839642,0.8970036412668095,up,up
296,3/12/2019,0.4463036443,0.20275363814011432,up,down
297,3/13/2019,0.3786011758,0.40938627522055715,up,down
298,3/14/2019,0.0145887745,-0.05062823703694645,up,down
299,3/15/2019,0.4205223443,0.29458178807036545,up,up
300,3/18/2019,0.643021884,0.22269330026346465,up,down
301,3/19/2019,-0.3316014024,-0.00010852067488051207,down,down
302,3/20/2019,-0.41040638,-0.08661196516787147,down,up
303,3/21/2019,0.8795199523,0.6277442148227099,up,up
304,3/22/2019,-1.7053843882,-1.0992469755901328,down,down
305,3/25/2019,0.5954914324,-0.05062823703694645,up,up
306,3/26/2019,0.2510079427,0.40938627522055715,up,down
307,3/27/2019,-0.3659937866,-0.21860237380381625,down,down
308,3/28/2019,0.671673667,0.21662979263918877,up,up
309,3/29/2019,0.7198746937,0.40292850038723876,up,down
310,4/1/2019,0.6884010911,0.741912174222044,up,up
311,4/2/2019,0.2736869997,0.0395820746720014,up,down
312,4/3/2019,-0.0730157958,0.10902330591256225,down,down
313,4/4/2019,0.3538634442,0.10975180966342665,up,up
314,4/5/2019,0.149090203,0.26572105777442573,up,down
315,4/8/2019,-0.0650865859,0.0687037155890442,down,down
316,4/9/2019,-0.1804904073,-0.2714991690498282,down,down
317,4/10/2019,0.3661452712,0.20275363814011432,up,up
318,4/11/2019,0.3091371822,0.0395820746720014,up,down
319,4/12/2019,0.2571651166,0.40582012610623097,up,up
320,4/15/2019,0.1354734005,-0.0074195500309301,up,down
321,4/16/2019,0.1297961034,0.04825975684863092,up,down
322,4/17/2019,-0.3851113153,-0.08446000637027505,down,down
323,4/18/2019,-0.2075867268,0.09791919616485889,down,up
324,4/22/2019,0.3867144109,0.0694322193399086,up,up
325,4/23/2019,0.825088746,0.5386833075817798,up,up
326,4/24/2019,-0.1707566462,-0.05368376732154262,down,down
327,4/25/2019,-0.1085698483,-0.0008370244257449165,down,up
328,4/26/2019,0.5048174694,0.26572105777442573,up,up
329,4/29/2019,-0.1169837243,0.0687037155890442,down,down
330,4/30/2019,0.5171697638,0.0687037155890442,up,up
331,5/1/2019,-1.0219047329,-0.35536130425243656,down,down
332,5/2/2019,0.2412598899,-0.05368376732154262,up,up
333,5/3/2019,-0.6937023976,0.5386833075817798,down,up
334,5/6/2019,0.1423223291,-0.21860237380381625,up,up
335,5/7/2019,-1.1472590396,-0.8847911948221349,down,down
336,5/8/2019,-0.6865513038,-0.04912456994894517,down,up
337,5/9/2019,0.1139923912,-0.08661196516787147,up,up
338,5/10/2019,-0.8001816213,0.22269330026346465,down,up
339,5/13/2019,-0.7066428654,-1.2742022629573604,down,down
340,5/14/2019,0.0092194658,0.4112390798607618,up,up
341,5/15/2019,1.2558591395,0.32541288186752243,up,up
342,5/16/2019,0.0980460817,0.5386833075817798,up,down
343,5/17/2019,-0.5828027706,-0.2784944500613327,down,down
344,5/20/2019,0.4250617536,-0.31823878123587584,up,up
345,5/21/2019,0.0714781256,0.4456829610322233,up,up
346,5/22/2019,-0.6778569078,-0.08661196516787147,down,down
347,5/23/2019,-0.1512320654,-0.6584186694876448,down,up
348,5/24/2019,-0.084027383,0.0986476999157233,down,up
349,5/28/2019,-1.4056388095,-0.4432135124493753,down,down
350,5/29/2019,-0.1186273631,-0.3364267064439939,down,up
351,5/30/2019,-0.7459794613,0.10975180966342665,down,up
352,5/31/2019,-0.5285324368,-0.8005094750571513,down,down
353,6/3/2019,0.4037753541,-0.08661196516787147,up,up
354,6/4/2019,2.0071380998,1.2525434186335898,up,up
355,6/5/2019,0.3697539823,0.4112390798607618,up,down
356,6/6/2019,0.8612308247,0.32541288186752243,up,down
357,6/7/2019,1.1553277927,0.5513610339709304,up,down
358,6/10/2019,0.6043322025,0.26572105777442573,up,down
359,6/11/2019,-0.7074781195,-0.0008370244257449165,down,down
360,6/12/2019,0.1217595821,-0.05368376732154262,up,up
361,6/13/2019,0.020095349,0.23954517385605273,up,up
362,6/14/2019,0.1014957635,-0.04912456994894517,up,down
363,6/17/2019,0.5869019811,0.0687037155890442,up,down
364,6/18/2019,0.4761396906,0.5386833075817798,up,down
365,6/19/2019,0.9946756604,0.20275363814011432,up,down
366,6/20/2019,0.1054380255,0.5386833075817798,up,down
367,6/21/2019,-0.0436886792,-0.05062823703694645,down,down
368,6/24/2019,-0.1910944562,0.019452439024821234,down,up
369,6/25/2019,-0.669092736,-0.5411348202203704,down,down
370,6/26/2019,-0.2190651625,-0.05062823703694645,down,up
371,6/27/2019,0.4548474822,0.2198016745444724,up,up
372,6/28/2019,1.3116531535,0.3225212561485302,up,down
373,7/1/2019,-0.2271648813,0.4112390798607618,down,down
374,7/2/2019,0.4526657357,0.20275363814011432,up,up
375,7/3/2019,0.2071804653,0.4112390798607618,up,down
376,7/5/2019,-0.1501214711,-0.05368376732154262,down,down
377,7/8/2019,-0.4782248294,-0.2383035767947785,down,down
378,7/9/2019,0.801882975,0.0986476999157233,up,up
379,7/10/2019,0.3452313251,0.2564318163259485,up,down
380,7/11/2019,0.1246824598,0.11616882124915016,up,down
381,7/12/2019,0.4807948431,0.26572105777442573,up,up
382,7/15/2019,-0.1878852144,0.04753125309776652,down,down
383,7/16/2019,-0.2333896611,-0.1089294339681868,down,up
384,7/17/2019,-0.8728494892,-0.31823878123587584,down,down
385,7/18/2019,0.8523366243,0.21662979263918877,up,up
386,7/19/2019,-0.7432778787,-0.31823878123587584,down,down
387,7/22/2019,0.429587549,0.17305170396357364,up,up
388,7/23/2019,0.1345692781,0.40938627522055715,up,down
389,7/24/2019,0.583239128,0.26861268349341794,up,up
390,7/25/2019,-0.0997924582,-0.255948959712106,down,down
391,7/26/2019,0.3723554302,0.4112390798607618,up,up
392,7/29/2019,-0.5557998591,-0.04912456994894517,down,down
393,7/30/2019,0.2846066377,-0.08661196516787147,up,up
394,7/31/2019,-1.1902314818,-0.6242583502602386,down,down
395,8/1/2019,-1.2220164278,-0.44708525770072477,down,up
396,8/2/2019,-1.5567784232,-0.3361959596766901,down,up
397,8/5/2019,-1.2729161131,-1.9010986465634008,down,down
398,8/6/2019,-0.0884250554,0.7491180325820853,down,up
399,8/7/2019,1.3139069141,0.05473590201126982,up,up
400,8/8/2019,1.1843063866,1.1956260786630437,up,down
401,8/9/2019,-0.7998607751,-0.3174399630145411,down,down
402,8/12/2019,-0.9064109223,-0.662382798483026,down,up
403,8/13/2019,0.4662028937,0.8737787534278305,up,up
404,8/14/2019,-1.6567904221,-1.8680421655415225,down,down
405,8/15/2019,0.6513948422,0.1492350361365331,up,up
406,8/16/2019,1.7013760411,0.8824426814588954,up,up
407,8/19/2019,0.1898073781,0.7491180325820853,up,down
408,8/20/2019,0.1038023165,-0.35348893201775816,up,down
409,8/21/2019,0.3045817306,0.4112390798607618,up,up
410,8/22/2019,-0.6779395006,-0.00010852067488051207,down,down
411,8/23/2019,-1.52418183,-1.5483846896537479,down,down
412,8/26/2019,0.9223148568,0.6568386861610118,up,up
413,8/27/2019,-1.1012256579,-0.1089294339681868,down,down
414,8/28/2019,1.715665716,0.38133744620640253,up,up
415,8/29/2019,0.9180963245,0.7491180325820853,up,down
416,8/30/2019,-0.9560483336,0.05400739826040542,down,down
417,9/3/2019,0.5383274722,-0.33562788822265915,up,up
418,9/4/2019,1.22851467,0.6277442148227099,up,up
419,9/5/2019,0.6664189691,0.7491180325820853,up,down
420,9/6/2019,0.2717819839,0.0694322193399086,up,down
421,9/9/2019,-0.5829147746,0.01938106391420244,down,down
422,9/10/2019,0.3500493098,0.04753125309776652,up,up
423,9/11/2019,0.9280843628,0.40649464950156494,up,up
424,9/12/2019,0.104018504,0.17686459840444008,up,down
425,9/13/2019,-0.5245318222,-0.024224892928445457,down,down
426,9/16/2019,-0.0246962198,-0.1089294339681868,down,up
427,9/17/2019,0.1946142265,0.15153521050051227,up,up
428,9/18/2019,0.2951857405,0.04753125309776652,up,down
429,9/19/2019,-0.0644441196,0.038853570921137,down,down
430,9/20/2019,-0.8283417874,-0.24529885780628302,down,down
431,9/23/2019,0.6344896933,0.01938106391420244,up,up
432,9/24/2019,-1.1350805847,-0.4413411402146969,down,down
433,9/25/2019,0.5855104688,0.3645601811118011,up,up
434,9/26/2019,-0.0087080881,-0.08661196516787147,down,down
435,9/27/2019,-0.6163183686,-0.255948959712106,down,down
436,9/30/2019,0.5601485641,0.29458178807036545,up,up
437,10/1/2019,-1.9744008258,-0.702259882343838,down,down
438,10/2/2019,-1.3471098681,-1.0163774525209388,down,up
439,10/3/2019,1.1499351905,0.4227611836084284,up,up
440,10/4/2019,0.8795433364,0.8824426814588954,up,down
441,10/7/2019,-0.809379702,-0.22559765481532076,down,down
442,10/8/2019,-0.3184495275,-0.9308234236383677,down,down
443,10/9/2019,0.2559170073,0.5386833075817798,up,up
444,10/10/2019,1.5254150177,0.36287176612173305,up,up
445,10/11/2019,0.0924716595,0.6568386861610118,up,down
446,10/14/2019,0.2629972925,-0.04912456994894517,up,down
447,10/15/2019,0.5404205662,0.5513610339709304,up,up
448,10/16/2019,0.3709427096,-0.05368376732154262,up,down
449,10/17/2019,-0.1309663853,0.17305170396357364,down,down
450,10/18/2019,-0.0120126533,-0.2178128869912409,down,down
451,10/21/2019,0.475557988,0.40938627522055715,up,up
452,10/22/2019,-0.5553470421,-0.12488087164782248,down,down
453,10/23/2019,0.6937184579,0.17305170396357364,up,up
454,10/24/2019,-0.3801272398,0.09791919616485889,down,down
455,10/25/2019,0.9589387744,0.23665354813706047,up,up
456,10/28/2019,0.1078453359,0.30116923391313505,up,down
457,10/29/2019,0.1433094265,-0.051356740787810856,up,down
458,10/30/2019,0.2355464612,0.20275363814011432,up,up
459,10/31/2019,0.1253733303,-0.08661196516787147,up,down
460,11/1/2019,0.9256831174,0.5386833075817798,up,up
461,11/4/2019,0.0597604386,0.22269330026346465,up,down
462,11/5/2019,-0.1850168787,-0.05062823703694645,down,down
463,11/6/2019,0.3876296706,0.05400739826040542,up,up
464,11/7/2019,-0.1869116494,0.17305170396357364,down,down
465,11/8/2019,-0.0298580122,0.1492350361365331,down,up
466,11/11/2019,0.2905532849,-0.05368376732154262,up,down
467,11/12/2019,-0.1650870106,0.0986476999157233,down,down
468,11/13/2019,0.2130225862,0.05400739826040542,up,up
469,11/14/2019,0.5555285934,0.0694322193399086,up,down
470,11/15/2019,0.3214368452,0.4112390798607618,up,down
471,11/18/2019,0.3059741943,0.04753125309776652,up,down
472,11/19/2019,-0.4089593758,-0.0074195500309301,down,down
473,11/20/2019,-0.1980954583,-0.16945402300855805,down,up
474,11/21/2019,0.0939362842,-0.04912456994894517,up,up
475,11/22/2019,0.1938028097,0.10902330591256225,up,up
476,11/25/2019,0.5584710532,0.4112390798607618,up,up
477,11/26/2019,0.3394101791,0.10902330591256225,up,down
478,11/27/2019,0.0537277181,0.23954517385605273,up,down
479,11/29/2019,-0.10580901,-0.21609512878059856,down,down
480,12/2/2019,-1.7952510457,-0.43644508361549467,down,down
481,12/3/2019,0.5211487946,-0.3174399630145411,up,up
482,12/4/2019,0.5062026744,0.3645601811118011,up,down
483,12/5/2019,0.4940353487,0.0986476999157233,up,down
484,12/6/2019,0.2309689851,0.5386833075817798,up,up
485,12/9/2019,-0.2068838204,-0.1089294339681868,down,down
486,12/10/2019,0.012438763,-0.05062823703694645,up,up
487,12/11/2019,0.1747588296,0.1850244687695568,up,up
488,12/12/2019,0.809237146,0.4456829610322233,up,up
489,12/13/2019,0.5362133485,0.04825975684863092,up,down
490,12/16/2019,0.3697037658,0.40649464950156494,up,down
491,12/17/2019,-0.0059460474,0.04753125309776652,down,down
492,12/18/2019,-0.0904478892,-0.00010852067488051207,down,up
493,12/19/2019,0.9713938452,0.2593234420449408,up,up
494,12/20/2019,0.0843847822,0.29458178807036545,up,down
495,12/23/2019,-0.0185985958,0.0694322193399086,down,down
496,12/24/2019,0.0542559953,-0.00010852067488051207,up,up
497,12/26/2019,0.6206618741,0.29747341378935765,up,up
498,12/27/2019,-0.2198797129,0.038853570921137,down,down
499,12/30/2019,-0.7688058048,-0.2714991690498282,down,down
500,12/31/2019,0.9172114781,0.20275363814011432,up,up
501,1/2/2020,-0.5643100839,0.4112390798607618,down,down
502,1/3/2020,-0.2730631424,-0.3364267064439939,down,up
503,1/6/2020,0.7555438144,0.21406492521501025,up,up
504,1/7/2020,-0.1008680202,-0.08661196516787147,down,down
505,1/8/2020,0.847282305,0.29747341378935765,up,up
506,1/9/2020,0.4831553905,0.40292850038723876,up,down
507,1/10/2020,-0.3254301742,-0.08661196516787147,down,down
508,1/13/2020,0.4347121637,0.40649464950156494,up,up
509,1/14/2020,-0.0937495244,-0.049853073699809576,down,down
510,1/15/2020,0.6306610974,0.0986476999157233,up,up
511,1/16/2020,0.6264059316,0.4112390798607618,up,down
512,1/17/2020,-0.0791296342,0.2198016745444724,down,down
513,1/21/2020,0.2706991506,-0.08661196516787147,up,down
514,1/22/2020,-0.4279253578,0.04753125309776652,down,down
515,1/23/2020,0.5226538632,0.0694322193399086,up,up
516,1/24/2020,-2.5783804866,-0.44895762993540317,down,down
517,1/27/2020,0.2522204018,-0.8590758065948348,up,up
518,1/28/2020,1.0478135992,0.5513610339709304,up,up
519,1/29/2020,-1.0035081746,-0.05062823703694645,down,down
520,1/30/2020,0.794730458,0.20275363814011432,up,up
521,1/31/2020,-1.4218558158,-1.0163774525209388,down,down
522,2/3/2020,1.3892065297,0.40649464950156494,up,up
523,2/4/2020,1.3503586223,0.930244852159031,up,down
524,2/5/2020,0.6018208012,0.6568386861610118,up,down
525,2/6/2020,-0.2804252419,0.20275363814011432,down,down
526,2/7/2020,-0.5174574432,-0.255948959712106,down,up
527,2/10/2020,1.4341767422,0.4112390798607618,up,up
528,2/11/2020,0.1375573032,0.09791919616485889,up,down
529,2/12/2020,-0.1364782673,0.38133744620640253,down,up
530,2/13/2020,0.361864583,-0.04912456994894517,up,up
531,2/14/2020,-0.2676076351,0.09791919616485889,down,down
532,2/18/2020,0.3368912212,-0.08661196516787147,up,up
533,2/19/2020,0.0017749431,0.26572105777442573,up,down
534,2/20/2020,-0.590158115,-0.1832370530281762,down,down
535,2/21/2020,-3.0617467639,-0.6038440584833757,down,down
536,2/24/2020,-0.573119557,-2.062225543877551,down,up
537,2/25/2020,-3.0577905117,-1.9112104299643748,down,down
538,2/26/2020,-2.4637727316,-0.16945402300855805,down,up
539,2/27/2020,-4.7555297237,-2.7509302697156537,down,down
540,2/28/2020,1.9671569132,-0.42920166277551347,up,up
541,3/2/2020,4.1078849335,2.500090277208646,up,up
542,3/3/2020,-1.6376765726,-1.7807680886029111,down,down
543,3/4/2020,0.9833374374,2.45419781796562,up,up
544,3/5/2020,-3.9503202523,-2.062225543877551,down,down
545,3/6/2020,-3.0570035881,-0.9451586970233896,down,up
546,3/9/2020,-1.7601933035,-5.069749202006486,down,down
547,3/10/2020,0.4307832293,2.9532488669983614,up,up
548,3/11/2020,-6.8919875425,-3.793549079466202,down,down
549,3/12/2020,-2.3136921007,-5.415020406680621,down,up
550,3/13/2020,-2.3891143545,5.244120139710648,down,up
551,3/16/2020,-3.3058411299,-5.396498902100353,down,down
552,3/17/2020,0.4468886818,3.671033073205302,up,up
553,3/18/2020,-1.7656474451,-3.7538710281540535,down,down
554,3/19/2020,1.6068653174,0.26572105777442573,up,up
555,3/20/2020,-5.8072978774,-2.8729555650583682,down,down
556,3/23/2020,2.3455609833,-1.8703959872834681,up,up
557,3/24/2020,4.8339902066,5.676996791549433,up,up
558,3/25/2020,1.7707108476,0.741912174222044,up,down
559,3/26/2020,2.1820740498,4.08788716044251,up,up
560,3/27/2020,0.1216806802,-2.0297052889387412,up,down
561,3/30/2020,2.1770392891,2.0862302080683865,up,up
562,3/31/2020,-4.459802118,-0.9308234236383677,down,down
563,4/1/2020,-1.5828156024,-2.6489553984095418,down,up
564,4/2/2020,2.2932309419,1.2902863052695182,up,up
565,4/3/2020,2.5193644331,-0.878125543357144,up,down
566,4/6/2020,6.220038165,4.744535864487189,up,up
567,4/7/2020,-1.958994395,-0.07086986857046695,down,down
568,4/8/2020,3.4260707635,2.0862302080683865,up,up
569,4/9/2020,0.1969758624,0.8970036412668095,up,down
570,4/13/2020,0.8136684804,-0.5792015769213977,up,down
571,4/14/2020,-0.337242879,1.9413245327572726,down,up
572,4/15/2020,0.1323489434,-1.342356900411515,up,down
573,4/16/2020,1.5392914044,0.3225212561485302,up,up
574,4/17/2020,0.1122279177,1.6302288038273314,up,up
575,4/20/2020,-2.1369683935,-1.0163774525209388,down,down
576,4/21/2020,0.110600005,-1.898123370436433,up,up
577,4/22/2020,0.8081380542,1.2602687324558037,up,up
578,4/23/2020,0.0789917521,-0.0008370244257449165,up,down
579,4/24/2020,1.4936145401,0.8336089723387498,up,up
580,4/27/2020,1.9375405041,0.9133941928327111,up,down
581,4/28/2020,0.2921002351,-0.2664195386720406,up,down
582,4/29/2020,0.426594848,1.612228639597474,up,up
583,4/30/2020,-2.1092425219,-0.5278098783889061,down,down
584,5/1/2020,-1.8849182145,-1.77230165831673,down,up
585,5/4/2020,1.9136699337,0.2579656074634651,up,up
586,5/5/2020,0.4970580854,0.5463583877129746,up,down
587,5/6/2020,-0.1692599041,-0.3489314903200453,down,down
588,5/7/2020,1.0621000188,0.741912174222044,up,up
589,5/8/2020,0.2279266922,0.9772052001844326,up,down
590,5/11/2020,0.8245697077,0.04753125309776652,up,down
591,5/12/2020,-2.5051879571,-1.1808084845883755,down,down
592,5/13/2020,-2.4886072593,-1.0163774525209388,down,up
593,5/14/2020,1.2671137289,0.741912174222044,up,up
594,5/15/2020,2.9650700542,0.22269330026346465,up,down
595,5/18/2020,1.1918897957,1.9842409932199148,up,down
596,5/19/2020,0.170929156,-0.6256058870245558,up,down
597,5/20/2020,0.5525404333,0.9772052001844326,up,up
598,5/21/2020,-0.7373861513,-0.3827397969493446,down,down
599,5/22/2020,1.9005783484,0.1492350361365331,up,up
600,5/26/2020,0.3851428724,0.7491180325820853,up,down
601,5/27/2020,1.0266443387,0.9133941928327111,up,up
602,5/28/2020,-0.7037330016,-0.08673567529682578,down,down
603,5/29/2020,0.4498920722,0.29458178807036545,up,up
604,6/1/2020,0.8556065263,0.22269330026346465,up,down
605,6/2/2020,1.1132936132,0.4189141599919564,up,down
606,6/3/2020,0.4085320598,0.811294369794629,up,down
607,6/4/2020,1.6801861446,-0.14302578775367736,up,down
608,6/5/2020,1.1403863659,1.623229796447776,up,down
609,6/8/2020,0.418760469,0.7491180325820853,up,down
610,6/9/2020,-2.7943062004,-0.3827397969493446,down,down
611,6/11/2020,-1.6804704933,-4.412065534869621,down,down
612,6/12/2020,-2.5164113786,0.7491180325820853,down,up
613,6/15/2020,4.5842018064,0.4189141599919564,up,up
614,6/16/2020,0.1638454168,1.1956260786630437,up,down
615,6/17/2020,-1.0997630838,-0.16139933313418223,down,down
616,6/18/2020,1.2461149585,0.05473590201126982,up,up
617,6/19/2020,-1.4606931207,-0.28145560113027995,down,down
618,6/22/2020,1.4309628299,0.38901252633759714,up,up
619,6/23/2020,-0.7742058814,0.2442632549604393,down,down
620,6/24/2020,-2.1769843309,-1.546252407749163,down,down
621,6/25/2020,0.8731044443,0.6568386861610118,up,up
622,6/26/2020,-1.7769751399,-1.5022035257925388,down,down
623,6/29/2020,1.0471776558,0.9133941928327111,up,up
624,6/30/2020,1.826765458,0.9464498641966783,up,down
625,7/1/2020,1.2144549763,0.29458178807036545,up,down
626,7/2/2020,0.3705895077,0.2564318163259485,up,down
627,7/6/2020,0.3533748087,0.9772052001844326,up,up
628,7/7/2020,-0.4222407499,-0.6295397142784788,down,down
629,7/8/2020,0.7326193202,0.4189141599919564,up,up
630,7/9/2020,-0.746181722,-0.2744603201187754,down,down
631,7/10/2020,1.6688501397,0.5590361141021251,up,up
632,7/13/2020,-1.9958940182,-0.5229170227481638,down,down
633,7/14/2020,2.7019111079,0.7521134497354846,up,up
634,7/15/2020,-0.5461906149,0.5463583877129746,down,down
635,7/16/2020,0.4940218679,-0.14302578775367736,up,up
636,7/17/2020,0.002481228,0.17305170396357364,up,down
637,7/20/2020,1.3717748714,0.4189141599919564,up,up
638,7/21/2020,-0.4179261562,0.0986476999157233,down,down
639,7/22/2020,0.5155367666,0.32541288186752243,up,up
640,7/23/2020,-1.6218165813,-0.7149986621327954,down,down
641,7/24/2020,0.0391476987,-0.3261209665496118,up,up
642,7/27/2020,0.4481589147,0.4189141599919564,up,up
643,7/28/2020,-0.2179780909,-0.3261209665496118,down,down
644,7/29/2020,0.1406783547,0.7491180325820853,up,up
645,7/30/2020,1.1971804837,-0.20355037679404858,up,down
646,7/31/2020,0.5445733768,0.4189141599919564,up,down
647,8/3/2020,0.0504826261,0.41416972963275955,up,down
648,8/4/2020,0.8343667931,0.21662979263918877,up,up
649,8/5/2020,0.1748372958,0.38901252633759714,up,down
650,8/6/2020,0.5079487357,0.38901252633759714,up,up
651,8/7/2020,0.4787353483,0.05473590201126982,up,down
652,8/10/2020,0.4260974243,0.17305170396357364,up,down
653,8/11/2020,-0.4414984838,-0.3778437403501424,down,down
654,8/12/2020,0.5212400088,0.8336089723387498,up,up
655,8/13/2020,-0.1271883663,-0.08600717154596138,down,down
656,8/14/2020,0.3621618091,-0.00010852067488051207,up,up
657,8/17/2020,0.182793727,0.15264221293161617,up,down
658,8/18/2020,0.1614979451,0.11616882124915016,up,down
659,8/19/2020,-0.9441387056,-0.2459309997150305,down,down
660,8/20/2020,0.7597128982,0.20275363814011432,up,up
661,8/21/2020,0.9474277985,0.20275363814011432,up,down
662,8/24/2020,0.5225140356,0.5590361141021251,up,down
663,8/25/2020,0.4080385337,0.21662979263918877,up,down
664,8/26/2020,1.0194291545,0.5590361141021251,up,up
665,8/27/2020,0.2740205558,0.0986476999157233,up,down
666,8/28/2020,0.4303672143,0.4106035805184334,up,up
667,8/31/2020,-0.0652471843,-0.08673567529682578,down,down
668,9/1/2020,1.0355130808,0.4189141599919564,up,up
669,9/2/2020,0.5920265481,0.930244852159031,up,down
670,9/3/2020,-3.1177589389,-2.058980483353477,down,down
671,9/4/2020,-2.3662265462,-0.3962998999679193,down,up
672,9/8/2020,-0.0610935146,-1.5712931595474833,down,up
673,9/9/2020,1.2683170021,1.197365772480766,up,up
674,9/10/2020,-1.7541083527,-1.0163774525209388,down,down
675,9/11/2020,0.3239180362,0.04753125309776652,up,up
676,9/14/2020,1.3131919752,0.7491180325820853,up,up
677,9/15/2020,0.1027076676,0.29458178807036545,up,down
678,9/16/2020,-1.8870026354,-0.2494062976634605,down,down
679,9/17/2020,0.3143244713,-0.4814297000763956,up,up
680,9/18/2020,-2.1388701904,-0.6326454641340699,down,down
681,9/21/2020,0.309839693,-0.6644437340774239,up,up
682,9/22/2020,0.7391337328,0.6277442148227099,up,up
683,9/23/2020,-2.8303279108,-1.3825100960055858,down,down
684,9/24/2020,0.3260862827,0.20275363814011432,up,up
685,9/25/2020,3.0043316258,0.9772052001844326,up,up
686,9/28/2020,0.5105132128,0.9772052001844326,up,down
687,9/29/2020,-0.2897711673,-0.26669042661054465,down,down
688,9/30/2020,1.3366415161,0.4189141599919564,up,up
689,10/1/2020,-1.3860543967,0.29747341378935765,down,down
690,10/2/2020,0.8484728686,-0.5618021675391951,up,up
691,10/5/2020,1.2315614726,1.1354888049606506,up,up
692,10/6/2020,-0.7093530161,-0.8470958485828799,down,down
693,10/7/2020,1.4690240386,1.142487812340206,up,up
694,10/8/2020,0.7393107143,0.4189141599919564,up,down
695,10/9/2020,1.1662962074,0.5104765891322607,up,down
696,10/12/2020,0.9711373078,0.9772052001844326,up,down
697,10/13/2020,-0.5246165121,-0.3269197847709466,down,down
698,10/14/2020,-1.7565218875,-0.3269197847709466,down,up
699,10/15/2020,1.1518015357,-0.07014136481960255,up,up
700,10/16/2020,0.0045799342,0.04753125309776652,up,down
701,10/19/2020,-1.5536715078,-0.9639681060850813,down,down
702,10/20/2020,0.0154097541,0.26572105777442573,up,up
703,10/21/2020,-0.0409894445,-0.08673567529682578,down,down
704,10/22/2020,0.7677766468,0.29747341378935765,up,up
705,10/23/2020,-0.6776530347,0.20275363814011432,down,down
706,10/26/2020,-1.1120409598,-1.0992469755901328,down,down
707,10/27/2020,-1.7827600899,-0.12070831895336195,down,up
708,10/28/2020,-1.953938393,-2.062225543877551,down,down
709,10/29/2020,0.5010420576,0.741912174222044,up,up
710,10/30/2020,0.0792448362,-0.7149986621327954,up,down
711,11/2/2020,1.2150354954,0.7491180325820853,up,up
712,11/3/2020,2.1044585987,1.1354888049606506,up,down
713,11/4/2020,2.3273427546,1.2455444112540346,up,down
714,11/5/2020,0.6483558728,1.2043647798603214,up,down
715,11/6/2020,2.129212106,-0.0008370244257449165,up,down
716,11/9/2020,-1.1102304189,0.741912174222044,down,down
717,11/10/2020,0.5633230415,0.18448833195673958,up,up
718,11/11/2020,-0.0154354769,0.4189141599919564,down,down
719,11/12/2020,-0.2834952437,-0.5865774226493584,down,down
720,11/13/2020,1.33959359,0.811294369794629,up,up
721,11/16/2020,0.2819319141,0.741912174222044,up,down
722,11/17/2020,0.0493032454,-0.26317044354747016,up,down
723,11/18/2020,-1.458435421,-0.6639191178108091,down,down
724,11/19/2020,0.5590814208,0.2198016745444724,up,up
725,11/20/2020,-0.3489499373,-0.3261209665496118,down,down
726,11/23/2020,0.7766021274,0.30116923391313505,up,up
727,11/24/2020,1.1400687714,0.9772052001844326,up,up
728,11/25/2020,0.083894925,-0.07086986857046695,up,down
729,11/27/2020,-0.1201027882,0.1492350361365331,down,up
730,11/30/2020,0.3216681617,-0.20346290929917313,up,down
731,12/1/2020,0.216957818,0.6568386861610118,up,up
732,12/2/2020,0.3968492903,0.0986476999157233,up,down
733,12/3/2020,0.0725135486,-0.006691046280065696,up,down
734,12/4/2020,0.648062894,0.5463583877129746,up,up
735,12/7/2020,-0.3161259415,-0.08600717154596138,down,down
736,12/8/2020,0.6225818276,0.17305170396357364,up,up
737,12/9/2020,-1.2641730393,-0.37582347251859477,down,down
738,12/10/2020,-0.0833531468,-0.0640615257690398,down,up
739,12/11/2020,0.5248791055,-0.0633330220181754,up,up
740,12/14/2020,-0.2410707241,-0.252926280726535,down,down
741,12/15/2020,0.8138751531,0.7491180325820853,up,up
742,12/16/2020,0.4707473791,0.09791919616485889,up,down
743,12/17/2020,0.235347973,0.3225212561485302,up,down
744,12/18/2020,-1.0238045987,-0.16139933313418223,down,down
745,12/21/2020,0.3745643654,-0.21381342375059223,up,up
746,12/22/2020,-0.1260113356,-0.08600717154596138,down,down
747,12/23/2020,0.0165158579,0.05400739826040542,up,up
748,12/24/2020,0.7850504733,0.21406492521501025,up,up
749,12/28/2020,0.7246785548,0.5104765891322607,up,down
750,12/29/2020,-0.3685323506,-0.08600717154596138,down,down
751,12/30/2020,-0.0781544836,0.0986476999157233,down,up
752,12/31/2020,0.8394785269,0.38612090061860493,up,up
